{"cameraMode":{"drawMode":0,"name":"Shaded","section":"Shading Mode"},"sceneLighting":false,"audioPlay":false,"sceneViewState":{"m_AlwaysRefresh":false,"showFog":true,"showSkybox":false,"showFlares":true,"showImageEffects":true,"showParticleSystems":true,"showVisualEffectGraphs":true,"m_FxEnabled":true},"in2DMode":false,"pivot":{"x":0.4183473587036133,"y":4.6746416091918949,"z":-0.027790069580078126},"rotation":{"x":0.006355281453579664,"y":-0.9926477074623108,"z":0.10462186485528946,"w":0.06175469979643822},"size":17.25478172302246,"orthographic":false}