{"cameraMode":{"drawMode":0,"name":"Shaded","section":"Shading Mode"},"sceneLighting":false,"audioPlay":false,"sceneViewState":{"m_AlwaysRefresh":false,"showFog":true,"showSkybox":false,"showFlares":true,"showImageEffects":true,"showParticleSystems":true,"showVisualEffectGraphs":true,"m_FxEnabled":true},"in2DMode":false,"pivot":{"x":0.07051599025726319,"y":2.5203146934509279,"z":-0.03307408094406128},"rotation":{"x":-0.03463739901781082,"y":0.687472939491272,"z":0.03321056813001633,"w":0.7247328162193298},"size":3.0333335399627687,"orthographic":false}