{"cameraMode":{"drawMode":0,"name":"Shaded","section":"Shading Mode"},"sceneLighting":false,"audioPlay":false,"sceneViewState":{"m_AlwaysRefresh":false,"showFog":true,"showSkybox":false,"showFlares":true,"showImageEffects":true,"showParticleSystems":true,"showVisualEffectGraphs":true,"m_FxEnabled":true},"in2DMode":false,"pivot":{"x":-0.00658649206161499,"y":1.113775372505188,"z":-0.024335622787475587},"rotation":{"x":0.32107385993003847,"y":0.02991059049963951,"z":-0.009971894323825837,"w":0.9466124176979065},"size":1.5659834146499634,"orthographic":false}