{"cameraMode":{"drawMode":0,"name":"Shaded","section":"Shading Mode"},"sceneLighting":false,"audioPlay":false,"sceneViewState":{"m_AlwaysRefresh":false,"showFog":true,"showSkybox":false,"showFlares":true,"showImageEffects":true,"showParticleSystems":true,"showVisualEffectGraphs":true,"m_FxEnabled":true},"in2DMode":false,"pivot":{"x":-0.5834884643554688,"y":-0.4605846405029297,"z":1.9827194213867188},"rotation":{"x":0.4345667362213135,"y":0.10774393379688263,"z":-0.05226745828986168,"w":0.8927280902862549},"size":56.47403335571289,"orthographic":false}