{"cameraMode":{"drawMode":0,"name":"Shaded","section":"Shading Mode"},"sceneLighting":false,"audioPlay":false,"sceneViewState":{"m_AlwaysRefresh":false,"showFog":true,"showSkybox":false,"showFlares":true,"showImageEffects":true,"showParticleSystems":true,"showVisualEffectGraphs":true,"m_FxEnabled":true},"in2DMode":false,"pivot":{"x":0.023257017135620118,"y":1.2270653247833253,"z":0.06794440746307373},"rotation":{"x":0.20802249014377595,"y":0.17506253719329835,"z":-0.03769128397107124,"w":0.9616715908050537},"size":2.008222818374634,"orthographic":false}